Name,OnlineTime,OfflineCost
FLOSS,0.4976,0.33609364376601764
PermNet,406.5075,0.6475765730708717
OPMCC,1834.868,1.7574320041951441
SimplePermNet,490.9986,0.14414200050441503
